{
  "scripts": [
    "https://cdnjs.cloudflare.com/ajax/libs/prism/1.26.0/components/prism-core.js",
    "https://cdnjs.cloudflare.com/ajax/libs/prism/1.26.0/components/prism-clike.js",
    "https://cdnjs.cloudflare.com/ajax/libs/prism/1.26.0/components/prism-markup.js",
    "https://cdnjs.cloudflare.com/ajax/libs/prism/1.26.0/components/prism-javascript.js",
    "https://cdnjs.cloudflare.com/ajax/libs/prism/1.26.0/plugins/line-numbers/prism-line-numbers.js"
  ],
  "styles": [
    "https://cdnjs.cloudflare.com/ajax/libs/prism/1.26.0/plugins/line-numbers/prism-line-numbers.css",
    "https://cdnjs.cloudflare.com/ajax/libs/prism-themes/1.9.0/prism-vsc-dark-plus.css"
  ],
  "tutorial": "Values, Types and Operators",
  "readmeBehavior": "inputComment",
  "themePreview": true,
  "showConsole": true,
  "layout": "splitBottom"
}